ID,Postcode,District,Suburb,Total Kwh,Solar Units,Average Kwh,Units per Dwelling,Units per Km,Population Density,Solar units per 1000 pop,Dwellings per Km,Male Population,Female Population,Total Population,Dwellings,Median Age,Monthly Mortgage,Median Personal Income,Median Rent,Family Income,Ave Persons per Bedroom,Median Household Income,Average Household Size,Managers,Professionals,Tech or Trade,Community Personal,Clerical or Admin,Salesperson,Machinery Operators,Labourers
1,2007,Central & Inner Metropolitan,Ultimo,6.55,4,1.6375,0.154858691,7.163003089,12734.02874,0.562508789,4625.509245,3644,3467,7111,2583,27,2280,487,460,1555,1.4,1099,2,371,1072,268,373,445,315,56,202
2,2008,Central & Inner Metropolitan,Chippendale,59.33,25,2.3732,0.986582478,29.60889025,7454.334209,3.972036861,3001.157115,3394,2900,6294,2534,29,2200,698,454,1977,1.3,1459,2.1,426,1461,291,350,520,340,51,137
3,2009,Central & Inner Metropolitan,Pyrmont,21.61,7,3.087142857,0.139553429,7.506058461,12458.98475,0.602461485,5378.627035,5912,5707,11619,5016,32,2778,1095,575,2525,1.3,2184,2.1,1432,2710,486,564,959,446,88,218
4,2010,Central & Inner Metropolitan,Surry Hills,133.04,47,2.830638298,0.401881146,21.62072646,11685.77264,1.850175176,5379.880764,14794,10609,25403,11695,34,2500,1038,450,2545,1.2,1796,1.8,2805,6674,1109,1405,1835,1150,165,535
5,2011,Central & Inner Metropolitan,Kings Cross,33.26,11,3.023636364,0.120680197,7.536672765,12358.77303,0.609823706,6245.161114,9753,8285,18038,9115,36,2200,1105,400,2494,1.2,1523,1.6,1998,4432,833,1023,1364,736,97,313
6,2015,Central & Inner Metropolitan,Alexandria,118.72,44,2.698181818,1.148825065,10.46010184,2003.822692,5.220073556,910.5043195,4374,4055,8429,3830,33,2500,1135,475,2469,1.2,2053,2,1051,2175,480,468,834,397,119,139
7,2016,Central & Inner Metropolitan,Redfern,71.2,37,1.924324324,0.689398174,31.57346805,10269.91048,3.074366431,4579.859541,6759,5276,12035,5367,36,2518,810,380,2141,1.2,1447,1.9,1017,2540,553,598,898,470,120,296
8,2017,Central & Inner Metropolitan,Waterloo,39.67,16,2.479375,0.247333436,8.257340001,7466.699696,1.105888858,3338.545779,7702,6766,14468,6469,32,2557,690,430,1836,1.2,1184,1.9,1188,2365,569,706,924,592,154,258
9,2018,Central & Inner Metropolitan,Rosebery,196.66,88,2.234772727,1.597966225,19.20621583,3360.651265,5.715027926,1201.916257,7708,7690,15398,5507,36,2167,532,355,1362,1.3,1197,2.6,759,1488,852,658,1143,654,480,637
10,2019,Central & Inner Metropolitan,Botany,204.45,98,2.08622449,3.283082077,14.41496568,1309.261321,11.00999888,439.0680872,4399,4502,8901,2985,37,2524,698,350,1905,1.2,1626,2.8,580,887,565,446,836,378,303,317
11,2020,Central & Inner Metropolitan,Mascot,154.87,81,1.911975309,2.204081633,6.770254344,850.8788793,7.956777996,307.1689471,5102,5078,10180,3675,35,2600,677,450,1652,1.3,1481,2.6,622,1196,691,527,959,485,384,377
12,2021,Central & Inner Metropolitan,Paddington,99.47,53,1.876792453,0.864036518,9.290308105,2495.762392,3.722432926,1075.221697,6851,7387,14238,6134,35,3033,1204,495,2868,1.1,2114,2,1713,3876,406,543,1029,572,94,130
13,2022,Central & Inner Metropolitan,Bondi Junction,117.97,63,1.872539683,1.367781155,32.58137586,5996.524653,5.433376455,2382.060591,5681,5914,11595,4606,36,3000,924,515,2456,1.2,1785,2.2,984,2296,470,525,783,451,91,214
14,2023,Central & Inner Metropolitan,Bellevue Hill,121,36,3.361111111,0.980125238,14.96893945,4476.544503,3.343860301,1527.247628,5336,5430,10766,3673,36,3250,1102,508,2856,1.1,2566,2.5,1075,2167,262,341,662,400,36,99
15,2024,Central & Inner Metropolitan,Waverley,230.96,111,2.080720721,2.757078987,57.30333598,5718.459934,10.02076374,2078.407484,5267,5810,11077,4026,37,3033,970,480,2620,1.2,2049,2.4,1029,2266,410,441,701,407,76,152
16,2025,Central & Inner Metropolitan,Woollahra,71.72,32,2.24125,1.038623823,25.02326382,5614.594819,4.456824513,2409.271119,3239,3941,7180,3081,40,3033,1144,550,2781,1.1,2181,2.1,765,1719,160,215,464,252,26,53
17,2026,Central & Inner Metropolitan,Bondi,320.74,143,2.242937063,1.165539164,40.82226898,8677.158656,4.70456639,3502.43649,15309,15087,30396,12269,33,3000,1018,500,2436,1.2,1910,2.2,3057,6778,1433,1459,1877,1379,268,585
18,2027,Central & Inner Metropolitan,Edgecliff,42.16,15,2.810666667,0.450180072,11.21210309,5460.294206,2.05338809,2490.581833,3399,3906,7305,3332,44,3000,1292,590,2929,1.1,2276,1.9,862,1557,153,205,475,289,13,65
19,2028,Central & Inner Metropolitan,Double Bay,42.55,13,3.273076923,0.660233621,15.8788323,5724.929767,2.773629187,2405.032368,2049,2638,4687,1969,38,3000,1135,550,2756,1.1,2287,2.1,508,1057,116,161,312,219,17,45
20,2029,Central & Inner Metropolitan,Rose Bay,100.76,38,2.651578947,1.027027027,15.22795853,3767.717529,4.041693257,1482.722278,4347,5055,9402,3700,37,2884,961,500,2515,1.2,1906,2.3,939,1815,295,373,627,392,58,130
21,2030,Central & Inner Metropolitan,Vaucluse,195.4,73,2.676712329,1.569554934,15.66130392,2984.872897,5.246891397,997.8181444,6762,7151,13913,4651,39,3467,934,531,2734,1.1,2422,2.8,1597,2358,337,463,814,548,60,147
22,2031,Central & Inner Metropolitan,Randwick,436.89,188,2.323882979,1.474394165,30.86490693,5306.137191,5.816831683,2093.395895,15377,16943,32320,12751,35,2600,935,460,2415,1.2,1857,2.3,2692,7105,1547,1574,2400,1239,393,647
23,2032,Central & Inner Metropolitan,Kingsford,218.73,94,2.326914894,1.675280699,37.57429918,6101.826351,6.157877498,2242.86588,7621,7644,15265,5611,31,2500,455,420,1578,1.2,1138,2.5,700,2114,610,624,1031,573,222,448
24,2033,Central & Inner Metropolitan,Kensington,93.84,39,2.406153846,0.982615268,17.27459969,4856.377206,3.55709595,1758.022723,5538,5426,10964,3969,31,2600,646,435,1968,1.2,1512,2.4,718,1839,434,512,770,482,156,250
25,2034,Central & Inner Metropolitan,Coogee,265.65,113,2.350884956,1.437110518,37.04298625,6258.953421,5.918399413,2577.601778,9152,9941,19093,7863,35,2708,1001,455,2467,1.2,1885,2.2,1681,4154,911,900,1441,721,175,328
26,2035,Central & Inner Metropolitan,Pagewood,555.47,277,2.005306859,2.257906749,37.07669656,4448.400482,8.334837817,1642.08272,16032,17202,33234,12268,37,2600,659,420,1874,1.2,1432,2.5,2138,4696,1574,1523,2563,1372,561,728
27,2036,Central & Inner Metropolitan,Matraville,493.7,245,2.015102041,2.717692734,15.59158945,1711.574687,9.109499907,573.7068527,13913,12982,26895,9015,39,2500,563,310,1585,1.2,1234,2.7,1359,2321,1530,1275,2156,1201,772,898
28,2037,Central & Inner Metropolitan,Glebe,138.73,71,1.953943662,1.19147508,33.1716798,6466.608733,5.129687161,2784.085069,6609,7232,13841,5959,34,2869,788,350,2307,1.2,1418,2,1126,3206,484,624,1021,539,115,258
29,2038,Central & Inner Metropolitan,Annandale,184.35,92,2.003804348,2.614379085,61.80179091,5823.475276,10.6125274,2363.918502,4125,4544,8669,3519,36,2924,1068,450,2739,1.2,2086,2.2,982,2166,349,370,661,356,75,113
30,2039,Central & Inner Metropolitan,Rozelle,151.84,63,2.41015873,1.925427873,32.29245689,4059.110573,7.955549943,1677.157444,3762,4157,7919,3272,36,3033,1276,530,2921,1.2,2597,2.3,1150,2028,321,262,590,307,61,101
31,2040,Central & Inner Metropolitan,Leichhardt,365.5,183,1.99726776,2.211213146,38.03632781,4336.557068,8.771088957,1720.156552,9804,11060,20864,8276,37,3000,926,440,2490,1.2,1911,2.3,2171,4431,866,869,1537,818,225,399
32,2041,Central & Inner Metropolitan,Balmain,238.81,121,1.973636364,1.934761752,50.66343984,6176.752599,8.202277657,2618.588039,7036,7716,14752,6254,39,3142,1242,500,2907,1.1,2543,2.2,1966,3708,455,471,1008,514,89,156
33,2042,Central & Inner Metropolitan,Newtown,229.07,116,1.974741379,1.55059484,57.54310772,8790.701827,6.545905987,3711.034387,8816,8905,17721,7481,33,2600,925,420,2324,1.2,1740,2.1,1575,4737,886,905,1585,718,177,318
34,2043,Central & Inner Metropolitan,Erskineville,74.02,42,1.762380952,1.298299845,51.59476976,8412.404365,6.13317757,3974.025719,3501,3347,6848,3235,34,2600,1196,500,2692,1.2,2292,2.1,863,2093,361,355,675,285,73,110
35,2044,Central & Inner Metropolitan,St Peters,175.84,99,1.776161616,3.665309145,25.68793056,1865.618392,13.76912378,700.8393985,3722,3468,7190,2701,36,2600,757,450,1877,1.2,1684,2.4,516,1188,436,329,660,283,207,260
36,2045,Central & Inner Metropolitan,Haberfield,95.63,43,2.223953488,1.918786256,18.05402773,2792.076381,6.466165414,940.9087474,3234,3416,6650,2241,44,2700,656,380,2111,1.1,1732,2.8,527,1034,294,241,467,277,70,136
37,2046,Central & Inner Metropolitan,Five Dock,435.1,207,2.101932367,2.083962549,34.43279865,4188.325784,8.221136662,1652.275309,12013,13166,25179,9933,39,2817,806,459,2199,1.1,1781,2.4,2554,4113,1223,942,2177,1164,280,490
38,2047,Central & Inner Metropolitan,Drummoyne,127.54,56,2.2775,1.247771836,24.57196514,4992.93556,4.92134634,1969.267492,5453,5926,11379,4488,39,2800,1032,485,2616,1.1,2150,2.3,1348,2184,410,387,890,490,81,157
39,2048,Central & Inner Metropolitan,Stanmore,117.49,58,2.025689655,1.877630301,46.05038547,6115.173602,7.530511555,2452.580013,3799,3903,7702,3089,35,2574,889,390,2301,1.2,1803,2.3,697,1830,348,374,681,294,90,160
40,2049,Central & Inner Metropolitan,Petersham,173.92,89,1.954157303,2.174444173,45.69914558,5367.852448,8.51348766,2101.647223,5169,5285,10454,4093,36,2600,842,350,2241,1.2,1688,2.3,824,2253,481,429,923,375,139,293
41,2050,Central & Inner Metropolitan,Camperdown,87.14,29,3.004827586,0.908521303,37.9353242,8768.292348,4.326421006,4175.501891,3460,3243,6703,3192,33,2663,1124,495,2573,1.3,1950,1.9,759,2076,315,290,514,264,52,82
42,2110,Gladesville-Ryde-Eastwood,Hunters Hill,249.96,97,2.576907216,3.082300604,23.36555532,2361.848143,9.89291178,758.0556967,4889,4916,9805,3147,42,3171,802,388,2763,1.1,2345,2.7,973,1523,221,264,611,327,44,122
43,2111,Gladesville-Ryde-Eastwood,Gladesville,327.67,149,2.199127517,2.826251897,31.59557662,2846.570608,11.09952324,1117.93208,6426,6998,13424,5272,39,2600,805,350,2278,1.1,1671,2.4,1295,2258,602,555,1161,531,142,304
44,2112,Gladesville-Ryde-Eastwood,Ryde,715.33,355,2.015014085,3.540087754,37.9253245,2966.935527,12.78265879,1071.310293,13576,14196,27772,10028,38,2410,649,361,1834,1.1,1469,2.7,1973,3897,1606,1084,2388,1191,495,827
45,2113,Gladesville-Ryde-Eastwood,North Ryde,448.58,229,1.958864629,3.679305913,20.21271901,1482.76623,13.6317638,549.3622843,8128,8671,16799,6224,38,2400,653,371,1920,1.1,1525,2.6,1131,2787,843,620,1476,655,238,370
46,2114,Gladesville-Ryde-Eastwood,Meadowbank,431.07,238,1.811218487,2.927789396,31.94716637,2883.030417,11.08110625,1091.170233,10664,10814,21478,8129,35,2167,700,350,1824,1.2,1511,2.5,1407,3702,1216,842,1839,935,386,644
47,2115,Gladesville-Ryde-Eastwood,Ermington,290.37,127,2.286377953,3.979943591,32.99781227,2460.545529,13.41077086,829.1025115,4700,4770,9470,3191,38,2500,511,250,1552,1.1,1294,2.8,519,909,606,341,732,380,226,339
48,2116,Gladesville-Ryde-Eastwood,Rydalmere,228.39,92,2.4825,4.420951466,26.21202106,1771.020901,14.8005148,592.9045199,3113,3103,6216,2081,37,2288,550,300,1485,1.1,1285,2.8,296,619,403,246,515,245,181,228
49,2117,Gladesville-Ryde-Eastwood,Telopea,584.052,265,2.203969811,3.97480126,36.83179821,2643.27222,13.93416763,926.6324478,9359,9659,19018,6667,38,2300,562,300,1637,1.1,1342,2.7,1218,2304,1096,712,1502,760,373,554
50,2118,Gladesville-Ryde-Eastwood,Carlingford,1166.73,575,2.029095652,8.103156708,69.39977044,2603.517301,26.65615873,856.4535148,10594,10977,21571,7096,40,2200,586,405,1709,1.1,1571,2.9,1398,3128,1078,739,1670,887,379,571
51,2119,Gladesville-Ryde-Eastwood,Beecroft,384.86,187,2.058074866,5.425007253,27.55973979,1606.718092,17.152816,508.0129575,5172,5730,10902,3447,43,2800,801,500,2685,1.1,2544,3.1,945,2196,353,359,823,454,68,161
52,2120,Gladesville-Ryde-Eastwood,Pennant Hills,580.95,294,1.976020408,4.486494735,21.31067926,1422.524083,14.98089172,474.9961945,9639,9986,19625,6553,39,2500,719,410,2294,1.1,1987,2.9,1632,3514,887,736,1573,749,157,457
53,2121,Gladesville-Ryde-Eastwood,Epping,833.1,453,1.839072848,5.301345816,49.25615593,2676.903538,18.40042244,929.1255021,12009,12610,24619,8545,39,2396,653,421,2007,1.1,1739,2.8,1711,4795,954,804,1957,950,244,488
54,2122,Gladesville-Ryde-Eastwood,Eastwood,887.04,475,1.867452632,4.627825409,49.64532336,2983.21361,16.64155835,1072.75705,13792,14751,28543,10264,35,2288,538,392,1682,1.2,1371,2.7,1625,4477,1304,1019,2170,1127,353,725
55,2125,Gladesville-Ryde-Eastwood,W. Pennant Hills,941.34,449,2.096525612,8.94600518,48.43456049,1722.501251,28.11873747,541.4099311,7813,8155,15968,5019,41,2611,744,480,2574,1,2449,3.1,1610,2795,690,557,1399,811,158,287
56,2126,Gladesville-Ryde-Eastwood,Cherrybrook,885.26,504,1.756468254,8.704663212,61.35327802,2285.896537,26.83991905,704.832301,9170,9608,18778,5790,40,2600,682,521,2424,1,2268,3.2,1647,3268,821,720,1574,886,189,397
57,2560,Macarthur Region,Campbelltown,3336.705,1571,2.123936983,6.603614964,7.279551457,334.7203559,21.74815881,110.2358556,35268,36968,72236,23790,33,1842,551,260,1399,1.1,1246,2.9,2900,4638,4952,3401,5630,3212,3412,3464
58,2565,Macarthur Region,Ingleburn,728.38,337,2.161364985,6.025388879,10.90142139,536.5310836,20.31834077,180.924777,8267,8319,16586,5593,36,1800,562,290,1478,1.1,1293,2.8,759,1301,1064,700,1541,699,777,734
59,2566,Macarthur Region,Minto,1203.42,609,1.976059113,8.146067416,21.42193832,845.7972197,25.32751092,262.97276,11858,12187,24045,7476,33,1820,585,280,1470,1.1,1385,3.1,918,1500,1759,1150,2083,1079,1430,1291
60,2567,Macarthur Region,Narellan,1590.03,723,2.199211618,6.971362453,22.51235377,1057.582429,21.28661858,322.9261701,16730,17235,33965,10371,32,2167,740,375,1919,1.1,1841,3.2,2226,2876,2595,1743,3215,1874,1524,1311
61,2570,Macarthur Region,Camden,1614.91,657,2.458006088,7.050869285,1.399450444,60.37446482,23.17950889,19.8479136,13828,14516,28344,9318,37,2200,661,320,1833,1.1,1635,2.9,1937,2851,2407,1303,2347,1276,1095,1043
62,2060,North Shore,North Sydney,111.78,52,2.149615385,0.927412163,20.06420546,4733.223237,4.239015244,2163.461538,5894,6373,12267,5607,36,2600,1212,470,2744,1.2,2117,1.9,1468,3395,376,442,1005,401,48,130
63,2061,North Shore,Milsons Point,16,6,2.666666667,0.220345207,9.260702671,8766.798529,1.056338028,4202.815562,2767,2913,5680,2723,39,2650,1311,508,2888,1.2,2424,1.8,734,1496,123,136,421,148,13,57
64,2062,North Shore,Cammeray,66.54,32,2.079375,1.070592171,21.51332818,4560.825574,4.716981132,2009.47931,3218,3566,6784,2989,37,2708,1187,480,2748,1.1,2235,2.1,870,1628,213,262,649,267,46,88
65,2063,North Shore,Northbridge,176.86,80,2.21075,4.0302267,28.56653145,2118.208307,13.48617667,708.8070616,2868,3064,5932,1985,40,3315,1041,577,2836,1.1,2625,2.9,585,1187,143,186,388,205,32,57
66,2064,North Shore,Artarmon,127.3,48,2.652083333,1.364411597,17.96682874,3235.1521,5.553627213,1316.818823,4202,4441,8643,3518,34,2500,936,460,2400,1.2,1909,2.4,717,2050,350,325,702,290,81,164
67,2065,North Shore,Crows Nest,340.35,156,2.181730769,1.321809863,27.81685809,4845.839329,5.74035914,2104.452302,13141,14035,27176,11802,35,2713,1153,485,2714,1.2,2289,2.2,3056,7480,944,968,2255,1040,143,337
68,2066,North Shore,Lane Cove,696.97,319,2.184858934,3.0803399,33.30055473,2883.681893,11.54792934,1081.067539,13319,14305,27624,10356,37,2708,945,418,2614,1.1,2121,2.5,2716,5798,937,986,2207,1097,211,393
69,2067,North Shore,Chatswood,371.39,182,2.040604396,2.198333132,30.99571169,3852.835086,8.044910047,1409.96427,10773,11850,22623,8279,35,2600,682,495,1924,1.3,1658,2.6,1740,4102,879,804,1520,851,173,429
70,2068,North Shore,Willoughby,424.36,199,2.132462312,3.647360704,35.33719497,2818.274479,12.5385924,968.8428933,7699,8172,15871,5456,39,3105,898,500,2659,1.1,2337,2.8,1612,2827,491,497,1091,626,124,246
71,2069,North Shore,Roseville,417.56,188,2.22106383,4.361948956,25.16881851,1778.016376,14.15556058,577.008552,6429,6852,13281,4310,40,3007,875,531,2740,1.1,2563,3,1244,2539,342,397,895,427,62,166
72,2070,North Shore,Lindfield,334.69,165,2.028424242,4.111637179,22.18028133,1650.481783,13.43867079,539.4513271,5917,6361,12278,4013,40,3200,868,555,2749,1.1,2532,3,1141,2229,255,346,786,429,52,132
73,2071,North Shore,Killara,340.31,146,2.330890411,3.639082752,18.49796522,1540.652446,12.00657895,508.3139485,5770,6390,12160,4012,41,3119,798,610,2677,1.1,2485,2.9,1125,2209,245,340,806,443,47,117
74,2072,North Shore,Gordon,127.03,57,2.228596491,2.595628415,15.0863495,1744.723086,8.64684466,581.221465,3070,3522,6592,2196,41,3000,752,580,2544,1.1,2217,2.8,574,1264,156,218,387,214,31,105
75,2073,North Shore,Pymble,335.83,166,2.023072289,3.308750249,16.19275228,1534.994879,10.54905948,489.3917963,7400,8336,15736,5017,40,3100,852,600,2748,1.1,2611,3.1,1572,2957,387,490,1047,580,70,218
76,2074,North Shore,Turramurra,673.84,321,2.099190031,4.565495662,14.60897109,953.1784752,15.32658518,319.9865288,10021,10923,20944,7031,43,3000,777,530,2608,1.1,2231,2.8,1895,3517,581,654,1365,814,114,249
77,2075,North Shore,St Ives,454.38,218,2.084311927,3.537238358,12.26331244,1048.850736,11.69214267,346.6917183,9013,9632,18645,6163,43,3000,784,690,2643,1.1,2513,2.9,1983,3089,496,625,1293,813,75,235
78,2076,North Shore,Wahroona,574.72,290,1.981793103,3.789363648,18.19630678,1491.72068,12.19819971,480.1942613,11361,12413,23774,7653,41,3000,753,461,2556,1.1,2252,2.9,2040,4185,690,875,1665,846,167,410
79,2077,North Shore,Hornsby,717.81,401,1.790049875,3.065749235,18.26712828,1589.786808,11.49030058,595.845481,17085,17814,34899,13080,36,2167,679,395,1821,1.2,1520,2.6,2138,5836,1961,1630,2828,1503,542,1119
80,2079,North Shore,Mount Colah,267.29,136,1.965367647,5.928509154,26.07237,1362.089624,19.14144968,439.7795351,3521,3584,7105,2294,37,2500,710,450,2192,1.1,1991,3,556,1026,556,371,622,351,130,240
81,2080,North Shore,Mount Kuring-gai,82.44,39,2.113846154,7.039711191,2.280155051,91.96625371,24.79338843,32.38989482,801,772,1573,554,39,2247,689,420,2031,1.1,1705,2.8,112,243,101,93,131,66,31,50
82,2082,North Shore,Berowra Waters,320.68,152,2.109736842,8.110992529,1.021045631,37.97349312,26.88837785,12.58841785,2844,2809,5653,1874,39,2182,722,400,2001,1.1,1826,2.9,414,788,451,252,525,238,107,185
83,2084,North Shore,Terrey Hills,255.77,85,3.009058824,7.734303913,1.202237576,49.98479523,24.05206565,15.54422466,1782,1752,3534,1099,41,2950,724,500,2194,1.1,1953,3.1,323,467,267,136,279,160,49,97
84,2085,North Shore,Belrose,518.1,266,1.947744361,7.637094459,19.25708205,775.2061449,24.84124019,252.1519427,5175,5533,10708,3483,43,2903,687,650,2238,1,1927,2.9,923,1346,529,415,866,492,110,198
85,2086,North Shore,Frenchs Forest,555.92,267,2.082097378,6.398274623,33.38246933,1649.369046,20.23953911,521.7417397,6577,6615,13192,4173,40,2900,734,650,2303,1.1,2136,3.1,1176,1876,714,503,1070,626,187,289
86,2087,North Shore,Forestville,531.24,252,2.108095238,6.125425377,28.2173046,1375.929519,20.5078125,460.6586949,5968,6320,12288,4114,41,2800,695,550,2274,1.1,1917,2.9,987,1795,578,433,858,496,121,195
87,2088,North Shore,Mosman,445.01,183,2.431748634,1.703593372,21.15364831,3173.394028,6.665938149,1241.707596,12820,14633,27453,10742,40,3033,1117,474,2838,1.1,2463,2.3,3012,5368,676,944,1799,1016,117,256
88,2089,North Shore,Neutral Bay,29.7,14,2.121428571,0.275049116,9.196368748,7280.239631,1.263195886,3343.536923,5235,5848,11083,5090,36,2700,1232,471,2746,1.2,2177,1.9,1347,2953,412,479,977,533,49,128
89,2090,North Shore,Cremorne,143.36,62,2.312258065,1.075268817,30.34990503,6375.92763,4.760076775,2822.541168,6101,6924,13025,5766,38,3000,1203,490,2779,1.1,2188,2,1608,3089,395,451,1045,525,77,132
90,2092,Northern Beaches,Seaforth,253.13,114,2.220438596,5.359661495,36.68284144,2164.287645,16.94915254,684.4245942,3293,3433,6726,2127,39,3500,855,560,2687,1.1,2554,3.1,691,1051,242,224,430,252,49,90
91,2093,Northern Beaches,Balgowlah,581.25,271,2.144833948,3.480606216,35.03849709,2794.28782,12.53933,1006.678001,10473,11139,21612,7786,38,2800,841,460,2497,1.1,1972,2.7,2109,3553,963,943,1512,955,245,430
92,2095,Northern Beaches,Manly,160.3,72,2.226388889,1.138519924,12.35864796,2587.076974,4.777070064,1085.501246,7500,7572,15072,6324,35,3000,1069,530,2659,1.2,2085,2.1,1667,3366,617,642,989,624,125,248
93,2096,Northern Beaches,Harbord,368.6,161,2.289440994,2.942789252,44.45868104,3831.454655,11.6036036,1510.766733,6960,6915,13875,5471,35,2700,950,450,2414,1.2,1929,2.4,1413,2472,934,752,1081,726,188,361
94,2097,Northern Beaches,Collaroy,539.99,267,2.022434457,5.352846832,56.51391682,3045.40163,18.55713094,1055.773098,7088,7300,14388,4988,38,2685,792,471,2127,1.1,1864,2.8,1227,1900,1067,684,1250,763,230,368
95,2099,Northern Beaches,Dee Why,969.32,475,2.040673684,3.33520573,36.04738524,2784.072368,12.94771848,1080.814443,17984,18702,36686,14242,37,2500,713,406,1834,1.2,1478,2.5,2756,4359,2823,1958,2957,1993,934,1538
96,2100,Northern Beaches,Brookvale,787.76,361,2.182160665,5.57442866,17.21039107,926.929733,18.56709356,308.7382066,9481,9962,19443,6476,40,2925,670,450,2041,1.1,1742,2.9,1559,2327,1183,830,1617,969,347,612
97,2101,Northern Beaches,Narrabeen,637.88,295,2.162305085,4.442771084,15.57245945,949.1809942,16.40620655,350.5123075,8853,9128,17981,6640,40,2800,743,430,1973,1.1,1560,2.5,1473,2226,1384,839,1446,896,319,491
98,2102,Northern Beaches,Warriewood,266.91,131,2.037480916,6.632911392,30.63453237,1437.250656,21.31467621,461.8564994,2901,3245,6146,1975,38,3000,767,575,2122,1.1,1939,2.9,541,753,392,301,503,305,120,161
99,2103,Northern Beaches,Mona Vale,366.04,165,2.218424242,4.537953795,33.8754083,2087.135762,16.2305725,746.4908157,4870,5296,10166,3636,42,2687,719,475,2021,1.1,1685,2.6,796,1233,677,485,841,514,186,314
100,2104,Northern Beaches,Bayview,150.27,57,2.636315789,4.810126582,18.64237707,1011.59425,18.42870999,387.5652074,1431,1662,3093,1185,53,2800,721,780,2265,1,1603,2.4,274,381,112,106,197,123,21,48
101,2106,Northern Beaches,Newport,218.54,110,1.986727273,3.338391502,29.69778455,2439.80799,12.17218103,889.5836371,4477,4560,9037,3295,40,2817,787,440,2190,1.1,1776,2.6,866,1249,672,451,677,446,98,236
102,2107,Northern Beaches,Avalon,521.08,231,2.255757576,4.678954831,29.21931308,1829.685557,15.96958175,624.4837605,7090,7375,14465,4937,43,3000,760,550,2186,1.1,1887,2.8,1330,2052,898,621,967,641,114,301
103,2745,Outer Western Suburbs,Mulgoa,1427.75,616,2.317775974,7.662644608,3.436100249,146.324321,23.48276914,44.84222387,12897,13335,26232,8039,32,2200,746,350,1960,1.1,1856,3.2,1915,2273,1958,1324,2759,1413,1125,1006
104,2747,Outer Western Suburbs,Kingswood,1237.535,591,2.093967851,5.009323614,11.37032633,658.9209926,17.25597828,226.9832658,16942,17307,34249,11798,33,1820,597,280,1467,1.1,1302,2.8,1387,2142,2568,1688,3152,1634,1921,1786
105,2749,Outer Western Suburbs,Castlereagh,760.6,322,2.362111801,6.489318823,6.59882041,323.2397339,20.4146326,101.6874126,7813,7960,15773,4962,31,2000,654,266,1649,1.1,1547,3.1,846,1062,1328,801,1490,802,757,730
106,2750,Outer Western Suburbs,Penrith,1923.755,926,2.077489201,5.877126174,27.88661051,1282.513047,21.74372461,474.4939905,20538,22049,42587,15756,36,1950,617,280,1555,1.1,1256,2.5,2142,3494,3015,2007,3851,2065,1808,1722
107,2752,Outer Western Suburbs,Silverdale,288.2,112,2.573214286,7.629427793,2.239175983,93.4855973,23.95209581,29.34919949,2376,2300,4676,1468,35,2000,650,300,1742,1.1,1542,3.1,320,278,482,229,441,201,234,211
108,2753,Outer Western Suburbs,Richmond,910.49,340,2.677911765,5.956552207,2.110647596,106.0476261,19.90282737,35.43404847,8484,8599,17083,5708,37,2000,601,280,1495,1.1,1264,2.7,927,1292,1537,859,1171,731,774,777
109,2754,Outer Western Suburbs,North Richmond,392.82,131,2.998625954,6.934886183,3.818073185,153.976188,24.79651713,55.05603241,2569,2714,5283,1889,38,2000,603,300,1575,1.1,1335,2.7,341,449,435,266,379,257,211,253
110,2756,Outer Western Suburbs,Windsor,1830.525,630,2.905595238,5.875769446,0.370511953,18.99373658,19.5070597,6.305760579,16128,16168,32296,10722,34,2000,624,280,1576,1.1,1401,2.9,2004,2125,3159,1561,2581,1434,1528,1664
111,2758,Outer Western Suburbs,Kurrajong,768.2,251,3.060557769,9.536474164,0.304834357,10.35708127,29.43245779,3.196510072,4275,4253,8528,2632,40,2200,662,295,1842,1.1,1705,3,643,839,824,353,700,360,264,323
112,2759,Outer Western Suburbs,Erskine Park,1148.87,560,2.051553571,7.022824179,35.9022689,1698.946653,21.13207547,511.2226646,13222,13278,26500,7974,32,2000,668,340,1753,1.1,1716,3.2,1326,1684,2338,1266,2998,1446,1657,1339
113,2760,Outer Western Suburbs,St Marys,826.975,419,1.973687351,4.429175476,18.20188014,1174.260196,15.50072139,410.9541434,13375,13656,27031,9460,34,1874,515,280,1241,1.1,1093,2.7,819,1227,1531,1187,1995,1002,1717,1495
114,2761,Outer Western Suburbs,Glendenning,1187.08,618,1.920841424,8.025974026,54.43159499,2441.759074,22.29195974,678.193012,13764,13959,27723,7700,30,2000,623,350,1572,1.2,1562,3.5,881,1760,1821,1179,2418,1214,1795,1607
115,2763,Outer Western Suburbs,Quakers Hill,1610.765,766,2.102826371,8.356971416,69.31938499,2701.193633,25.66250126,829.4797426,14858,14991,29849,9166,32,2167,710,360,1863,1.1,1801,3.2,1662,3218,2060,1330,3052,1527,1153,1221
116,2765,Outer Western Suburbs,Riverstone,822.61,297,2.76973064,6.329923274,2.036422479,101.7594142,20.01212856,32.17136118,7716,7125,14841,4692,37,2167,582,300,1526,1.1,1310,2.9,909,861,1291,524,1109,603,753,742
117,2766,Outer Western Suburbs,Rooty Hill,602.32,296,2.034864865,7.297830375,7.89735572,378.3260274,20.87447109,108.2151176,6884,7296,14180,4056,34,2000,526,320,1470,1.2,1403,3.2,396,894,861,592,1180,555,834,804
118,2768,Outer Western Suburbs,Parklea,1916.63,929,2.063110872,12.52359126,105.647057,3009.178443,35.10827255,843.5843579,13499,12962,26461,7418,32,2600,775,490,2175,1.1,2159,3.4,1862,3466,1385,983,2450,1271,766,760
119,2770,Outer Western Suburbs,Minchinbury,1636.135,847,1.931682409,4.615552286,34.25225349,2440.240534,14.0364251,742.1051993,29712,30631,60343,18351,30,1636,394,220,1010,1.2,950,3.1,1091,1953,2605,2018,3169,1859,3581,3159
120,2150,Parramatta-Hills District,Parramatta,157.01,73,2.150821918,0.819488101,12.27571594,4172.566297,2.942006206,1497.973666,13019,11794,24813,8908,30,1800,596,340,1314,1.4,1274,2.5,1081,3401,1312,1021,2030,1112,863,1186
121,2151,Parramatta-Hills District,North Rocks,620.79,274,2.265656934,3.883219955,25.20954282,1860.445859,13.55026952,649.1917305,10190,10031,20221,7056,35,2156,635,340,1714,1.1,1450,2.6,1199,2830,1036,768,1719,795,409,570
122,2152,Parramatta-Hills District,Northmead,376.23,168,2.239464286,4.14507772,37.86299456,2304.233669,16.43192488,913.4447437,4864,5360,10224,4053,37,2300,702,360,1747,1.1,1388,2.4,705,1438,567,423,889,437,235,256
123,2153,Parramatta-Hills District,Baulkham Hills,3137.55,1429,2.195626312,8.34988898,58.34272369,2141.53316,27.24343698,698.724544,25706,26747,52453,17114,38,2418,708,430,2077,1.1,1905,3,4110,7646,3089,2112,4918,2559,897,1262
124,2154,Parramatta-Hills District,Castle Hill,2157.63,923,2.337627302,7.650862069,49.71747761,2042.348733,24.34328516,649.8284397,18341,19575,37916,12064,39,2600,721,456,2287,1.1,2059,3,3545,5781,1826,1277,3201,1982,423,732
125,2155,Parramatta-Hills District,Kellyville,2844.81,1314,2.165,10.42691636,38.3924267,1286.409256,29.84464432,368.2049934,21981,22047,44028,12602,33,2700,812,510,2334,1.1,2307,3.4,3919,5695,2733,1642,4064,2368,918,1072
126,2156,Parramatta-Hills District,Kenthurst,992.37,399,2.487142857,10.48069346,6.309427613,195.2601809,32.31292517,60.2004785,6175,6173,12348,3807,41,2800,709,415,2333,1,2210,3.2,1282,1579,821,438,1116,662,192,282
127,2157,Parramatta-Hills District,Glenorie,275.72,91,3.02989011,8.017621145,0.683742702,27.88317768,24.52169227,8.527999639,1850,1861,3711,1135,40,2500,621,263,1722,1.1,1570,3.1,372,349,327,115,280,134,86,161
128,2158,Parramatta-Hills District,Dural,401.03,133,3.015263158,5.09383378,3.182206441,198.325633,16.04536132,62.47173698,4018,4271,8289,2611,42,2775,680,421,2245,1.1,2010,3,821,1037,510,277,714,409,112,231
129,2159,Parramatta-Hills District,Galston,362.44,125,2.89952,8.283631544,2.563624021,93.31591436,27.47252747,30.94806918,2223,2327,4550,1509,42,2513,658,300,2044,1.1,1679,2.9,430,536,357,193,383,200,68,151
130,2160,South Western Suburbs,Merrylands,694.15,320,2.16921875,3.046168491,38.51120496,3952.934494,9.742434391,1264.25065,16205,16641,32846,10505,32,1993,426,320,1142,1.3,1031,2.9,1034,2080,2034,1092,2082,1200,1163,1410
131,2161,South Western Suburbs,Yennora,528.89,269,1.966133829,3.141422399,23.92387051,2514.051939,9.516060563,761.5617218,14134,14134,28268,8563,31,1950,386,300,1090,1.3,960,3.1,832,1378,1638,803,1687,903,1004,1084
132,2162,South Western Suburbs,Chester Hill,368.67,208,1.772451923,3.800475059,35.93430932,2934.520087,12.24537855,945.5215139,8383,8603,16986,5473,36,1950,386,270,1102,1.2,954,3,527,930,975,504,1064,564,702,728
133,2163,South Western Suburbs,Villawood,214.97,95,2.262842105,3.247863248,15.15884072,1396.528147,10.85466179,466.7327273,4429,4323,8752,2925,36,1517,331,175,833,1.3,668,2.7,137,255,359,252,335,180,360,389
134,2164,South Western Suburbs,Smithfield/W.Park,685.24,342,2.003625731,5.926182637,17.22279855,924.7937796,18.6233936,290.6221358,9185,9179,18364,5771,37,2000,406,300,1203,1.2,1099,3,588,901,1142,646,1253,710,885,875
135,2165,South Western Suburbs,Fairfield,1197.32,587,2.039727428,4.833662714,52.15135442,3510.665707,14.85511831,1078.920014,19334,20181,39515,12144,35,1781,346,295,954,1.3,896,3.1,757,1623,2034,1093,1864,1100,1641,2008
136,2166,South Western Suburbs,Lansvale,1857,869,2.13693901,5.827521459,58.55479489,3350.493235,17.47647012,1004.797585,24338,25386,49724,14912,36,1517,335,250,876,1.3,857,3.2,1005,1861,2296,1511,1912,1394,2479,3269
137,2170,South Western Suburbs,Liverpool,3419.95,1672,2.045424641,5.632853822,30.43569277,1730.047055,17.59240749,540.3245624,46853,48188,95041,29683,34,2037,481,290,1291,1.2,1168,3,3319,6006,5967,3410,6509,3287,3949,4028
138,2171,South Western Suburbs,Hoxton Park,1097.72,490,2.240244898,7.460414129,27.38485785,1363.207046,20.08855362,367.0688701,12099,12293,24392,6568,31,2383,640,410,1755,1.1,1783,3.6,1299,1909,1790,858,2210,1161,1096,1155
139,2176,South Western Suburbs,St Johns Park,2355.63,1081,2.179121184,8.220532319,54.42334414,2319.058743,23.46785924,662.0416054,22866,23197,46063,13150,37,2000,434,350,1363,1.1,1388,3.4,1882,3032,3278,1634,3472,2059,2003,2235
140,2190,South Western Suburbs,Chullora,437.67,244,1.793729508,3.390301515,24.37318949,2468.184997,9.874944352,718.9091999,12221,12488,24709,7197,32,2100,362,280,1079,1.3,960,3.3,897,1343,1261,684,1289,836,713,818
141,2191,South Western Suburbs,Belfield,149.99,77,1.947922078,3.774509804,43.19218278,3389.744942,12.74201556,1144.312375,2928,3115,6043,2040,38,2275,474,320,1311,1.2,1134,2.9,280,468,403,220,459,242,152,214
142,2192,South Western Suburbs,Belmore,204.17,105,1.94447619,2.501786991,38.45139743,4604.646394,8.350564657,1536.957286,6280,6294,12574,4197,35,1950,413,300,1088,1.3,987,2.8,394,779,706,486,796,472,450,703
143,2193,South Western Suburbs,Canterbury,374.89,193,1.942435233,3.866960529,46.00824811,3334.525257,13.79754075,1189.778064,6928,7060,13988,4991,39,2167,571,350,1581,1.2,1394,2.7,831,1751,840,605,1063,565,354,612
144,2194,South Western Suburbs,Campsie,283.2,148,1.913513514,2.083626637,43.91235332,6295.785304,6.974881003,2107.496254,10660,10559,21219,7103,35,1733,389,320,974,1.4,945,2.8,651,1396,1365,929,1193,882,799,1273
145,2195,South Western Suburbs,Lakemba,194.04,111,1.748108108,1.427285586,31.00541338,7041.301445,4.403364011,2172.334233,13206,12002,25208,7777,30,1506,362,295,897,1.5,858,3,498,1257,1145,892,1009,928,1081,1357
146,2196,South Western Suburbs,Punchbowl,463.63,244,1.900122951,2.748366749,34.52730841,4187.992704,8.244357346,1256.284607,14885,14711,29596,8878,33,2000,386,300,1114,1.3,1003,3.2,1010,1630,1659,933,1639,1118,1071,1113
147,2198,South Western Suburbs,Georges Hall,202.42,108,1.874259259,4.145873321,31.0213789,2490.327362,12.4567474,748.2471485,4169,4501,8670,2605,38,2167,518,389,1432,1.1,1324,3.1,392,641,545,303,718,385,288,274
148,2199,South Western Suburbs,Yagoona,344.06,184,1.869891304,3.790688092,42.31976724,3680.899755,11.49712572,1116.41386,7953,8051,16004,4854,35,1955,386,300,1118,1.3,980,3.1,472,826,865,466,992,569,590,694
149,2200,South Western Suburbs,Bankstown,615.52,331,1.859577039,2.708231059,23.87667804,2929.545766,8.150300404,881.633713,20182,20430,40612,12222,32,1777,383,330,1036,1.3,981,3.1,1191,2464,2056,1321,2130,1331,1520,1667
150,2203,South Western Suburbs,Dulwich Hill,223.18,123,1.814471545,2.376352396,59.93976784,6326.325741,9.474657218,2522.343401,6224,6758,12982,5176,36,2200,767,360,1826,1.2,1540,2.3,964,2363,702,546,1013,476,265,439
151,2204,South Western Suburbs,Marrickville,469.27,223,2.104349776,2.425231104,38.36539338,4234.64481,9.059884619,1581.927319,12194,12420,24614,9195,37,2330,617,340,1612,1.2,1405,2.5,1523,3747,1434,1091,1750,924,529,982
152,2205,South Western Suburbs,Arncliffe,236.27,128,1.845859375,2.996956216,30.16960977,3027.803181,9.964191188,1006.675026,6512,6334,12846,4271,33,2383,553,401,1483,1.3,1411,2.8,690,1403,686,545,956,559,426,571
153,2206,South Western Suburbs,Earlwood,320.34,178,1.799662921,2.832590707,29.64359407,3050.459059,9.71774854,1046.518793,8949,9368,18317,6284,41,2400,539,400,1551,1.1,1370,2.8,1123,1962,1083,604,1419,782,488,562
154,2207,South Western Suburbs,Bexley,519.21,285,1.821789474,3.172306322,39.48391065,3814.838469,10.35008716,1244.643696,13429,14107,27536,8984,37,2200,537,370,1496,1.2,1366,2.9,1379,2749,1569,980,2167,1090,895,1074
155,2208,South Western Suburbs,Kingsgrove,335.58,173,1.939768786,4.414391426,39.2207539,2610.787294,15.02257728,888.4747661,5647,5869,11516,3919,40,2500,504,360,1428,1.1,1258,2.9,548,1068,721,351,953,480,371,397
156,2209,South Western Suburbs,Beverly Hills,463.71,248,1.869798387,4.942208051,57.14312048,3367.987871,16.9665458,1156.226526,6983,7634,14617,5018,39,2167,496,320,1385,1.2,1173,2.7,623,1418,822,567,1146,583,437,478
157,2210,South Western Suburbs,Peakhurst,896.1,455,1.969450549,4.602468137,41.3689015,2546.869602,16.2430387,898.8416708,13627,14385,28012,9886,41,2167,500,200,1448,1.1,1136,2.7,1445,2585,1631,1082,2206,1048,729,875
158,2211,South Western Suburbs,Padstow,425.24,230,1.848869565,4.059301094,30.88114652,2176.449501,14.18877236,760.7503313,7892,8318,16210,5666,40,2167,558,340,1545,1.1,1288,2.7,841,1508,1109,602,1471,690,513,584
159,2212,South Western Suburbs,Revesby,351.73,181,1.943259669,3.7536292,28.49038725,2250.425782,12.6599986,759.0091012,6860,7437,14297,4822,38,2167,517,320,1453,1.1,1247,2.8,656,1168,992,537,1252,589,460,521
160,2213,South Western Suburbs,East Hills,578.49,281,2.058683274,3.986381047,28.25608662,2049.01878,13.79005742,708.8154968,9968,10409,20377,7049,38,2253,601,330,1734,1.1,1442,2.8,1202,1911,1454,830,2096,797,575,636
161,2214,South Western Suburbs,Milperra,179.6,79,2.273417722,6.220472441,14.47626168,704.3892392,20.55150884,232.7196498,1918,1926,3844,1270,38,2200,637,395,1790,1.1,1680,2.9,224,309,364,187,459,178,145,123
162,2216,St George & Sutherland Shire,Rockdale,237.55,126,1.88531746,1.360544218,22.39231695,4631.655272,4.834625125,1645.835296,13119,12943,26062,9261,34,2167,555,380,1367,1.3,1257,2.6,1260,2434,1623,1311,2013,1316,804,1362
163,2217,St George & Sutherland Shire,Kogarah,353.73,175,2.021314286,2.006190531,28.30011708,3820.515806,7.407407407,1410.63955,11617,12008,23625,8723,36,2167,575,370,1459,1.2,1272,2.6,1261,2685,1440,1104,1921,1065,627,1014
164,2218,St George & Sutherland Shire,Carlton,257.06,133,1.932781955,2.453421878,50.76742792,5793.212433,8.763260196,2069.249825,7529,7648,15177,5421,36,2155,563,360,1373,1.3,1266,2.7,678,1745,959,679,1277,722,494,662
165,2219,St George & Sutherland Shire,Sans Souci,230.84,114,2.024912281,2.274087373,29.89442548,3261.114695,9.166934706,1314.568026,5885,6551,12436,5013,43,2405,631,365,1682,1.1,1259,2.4,875,1232,716,491,1088,606,323,353
166,2220,St George & Sutherland Shire,Hurstville,617.35,316,1.953639241,3.324216284,60.69965962,5461.816841,11.11345572,1825.984064,13783,14651,28434,9506,33,2000,446,400,1224,1.3,1171,2.9,1326,3059,1604,1139,2058,1337,761,1247
167,2221,St George & Sutherland Shire,Blakehurst,330.12,153,2.157647059,2.951958325,28.23581519,2912.718112,9.69397453,956.5113082,7706,8077,15783,5183,40,2400,631,400,1885,1.1,1633,2.9,1187,1921,786,541,1363,731,294,369
168,2222,St George & Sutherland Shire,Penshurst,207.77,107,1.941775701,2.463734746,44.85000398,4900.806043,9.15155662,1820.407171,5615,6077,11692,4343,36,1993,594,340,1555,1.2,1303,2.6,565,1443,696,548,1096,545,324,468
169,2223,St George & Sutherland Shire,Mortdale,561.48,276,2.034347826,3.760730345,38.09387103,2733.511289,13.93587478,1012.938114,9663,10142,19805,7339,38,2200,706,350,1910,1.1,1578,2.6,1339,2892,1131,884,1864,853,408,543
170,2224,St George & Sutherland Shire,Sylvania,391.73,162,2.41808642,3.368683718,34.46075303,2856.62625,12.06344478,1022.973835,6430,6999,13429,4809,42,2600,642,389,1840,1.1,1510,2.7,1046,1401,769,522,1224,682,247,346
171,2225,St George & Sutherland Shire,Oyster Bay,172.09,79,2.17835443,4.498861048,36.62069765,2516.166416,14.5541636,813.9993047,2654,2774,5428,1756,38,2900,753,460,2395,1.1,2172,3,445,777,343,231,498,257,94,129
172,2226,St George & Sutherland Shire,Jannali,482.04,240,2.0085,5.912786401,46.61144505,2306.101244,20.2122284,788.3160644,5843,6031,11874,4059,38,2550,729,310,2197,1.1,1874,2.8,903,1670,761,549,1128,476,198,294
173,2227,St George & Sutherland Shire,Gymea,389.82,175,2.227542857,3.450315457,38.17759782,3064.679395,12.45728929,1106.495864,6776,7272,14048,5072,39,2600,726,380,2087,1.1,1746,2.7,1120,1695,1010,696,1377,711,229,369
174,2228,St George & Sutherland Shire,Miranda,390.72,191,2.04565445,2.8786737,31.85255104,2935.437714,10.85103965,1106.500922,8523,9079,17602,6635,39,2321,647,370,1700,1.1,1372,2.5,1097,1850,1150,890,1517,907,419,564
175,2229,St George & Sutherland Shire,Caringbah,651.36,281,2.318007117,2.7786018,26.24622886,2550.087332,10.29228628,944.58403,13143,14159,27302,10113,40,2551,705,370,1989,1.1,1541,2.6,2090,3111,1832,1375,2421,1438,524,686
176,2230,St George & Sutherland Shire,Cronulla,594.08,297,2.00026936,2.64847512,34.23453538,3109.348795,11.01019462,1292.613063,13337,13638,26975,11214,39,2400,824,360,2042,1.1,1524,2.3,2319,3683,2045,1709,2463,1409,549,736
177,2231,St George & Sutherland Shire,Kurnell,100.35,40,2.50875,5.449591281,2.026506708,112.1164836,18.0750113,37.18639809,1104,1109,2213,734,37,2600,621,378,1701,1.1,1605,3,110,143,257,118,188,91,93,110
178,2232,St George & Sutherland Shire,Sutherland,853.65,446,1.914013453,3.794452952,30.95545468,2169.796916,14.26652166,815.8081039,15253,16009,31262,11754,38,2300,719,360,1903,1.1,1525,2.5,2101,3995,2270,1537,2932,1468,699,921
179,2233,St George & Sutherland Shire,Heathcote,1127.94,565,1.996353982,5.837983054,3.138104363,162.7593102,19.28064428,53.75322836,14505,14799,29304,9678,37,2383,690,370,1978,1.1,1773,3,1857,3013,2590,1670,3098,1481,680,927
180,2234,St George & Sutherland Shire,Menai,1210.95,566,2.139487633,6.065152165,14.24795469,775.9848962,18.36112373,234.9150409,15284,15542,30826,9332,37,2383,731,440,2291,1,2191,3.2,2616,3956,2253,1483,3423,1952,666,833
182,2128,Western Suburbs,Silverwater,55.45,16,3.465625,2.649006623,5.320050939,1051.375067,5.060088552,200.831923,2111,1051,3162,604,32,2119,605,400,1333,1.3,1286,2.9,108,189,114,60,138,77,58,66
184,2130,Western Suburbs,Summer Hill,94.08,48,1.96,1.769259123,43.95523892,6031.940807,7.287080613,2484.386733,3167,3420,6587,2713,35,2090,822,360,2108,1.2,1572,2.2,497,1471,331,312,557,267,99,175
185,2131,Western Suburbs,Ashfield,314.91,157,2.005796178,1.911138162,44.91514756,6347.912161,7.075577989,2350.177944,10845,11344,22189,8215,35,2100,575,365,1458,1.3,1313,2.4,1118,3335,1134,1087,1690,998,450,866
186,2132,Western Suburbs,Croydon,210.71,116,1.816465517,3.374054683,47.33380123,4235.96716,11.17426067,1402.875936,4991,5390,10381,3438,38,2400,575,390,1798,1.2,1508,2.8,637,1582,485,418,802,405,213,300
187,2133,Western Suburbs,Croydon Park,186.2,97,1.919587629,2.510351967,37.82649727,4188.992099,9.029975796,1506.820468,5099,5643,10742,3864,38,2167,559,330,1512,1.2,1295,2.7,617,1268,655,473,879,461,246,402
188,2134,Western Suburbs,Burwood,243.56,108,2.255185185,2.549575071,44.52763599,5139.643614,8.663564897,1746.472834,6070,6396,12466,4236,32,2167,437,425,1302,1.3,1184,2.7,608,1602,639,509,855,607,190,486
189,2135,Western Suburbs,Strathfield,505.87,227,2.228502203,3.096439776,34.80826321,3541.549106,9.828541739,1124.138227,11580,11516,23096,7331,33,2500,546,420,1671,1.3,1464,2.9,1352,3622,1114,865,1625,1058,273,811
190,2136,Western Suburbs,Enfield,174.26,81,2.151358025,3.568281938,23.38667999,1940.228266,12.05357143,655.4044885,3313,3407,6720,2270,38,2380,550,398,1577,1.2,1377,2.8,403,809,399,263,551,314,144,209
191,2137,Western Suburbs,Concord,490.07,222,2.207522523,2.675343456,30.56070637,3306.200382,9.243452554,1142.309646,11770,12247,24017,8298,38,2600,732,470,2093,1.1,1830,2.7,2085,3544,1176,863,2026,1126,336,575
192,2138,Western Suburbs,Rhodes,233.25,115,2.02826087,2.403846154,34.16802348,4017.268222,8.50528807,1421.389777,6664,6857,13521,4784,31,2500,705,530,1912,1.3,1716,2.6,1058,2269,658,475,1153,562,154,274
193,2140,Western Suburbs,Homebush,112.59,58,1.941206897,1.404698474,17.54258614,3784.661731,4.635179413,1248.850658,6494,6019,12513,4129,30,2008,586,390,1425,1.4,1388,2.7,594,1802,710,582,941,580,280,533
194,2141,Western Suburbs,Lidcombe,661.36,359,1.842228412,4.570919277,30.93147687,2195.187097,14.09058796,676.7014466,12861,12617,25478,7854,33,2000,424,350,1181,1.3,1153,3.1,815,2240,1630,906,1641,923,853,1532
195,2142,Western Suburbs,Granville,437.31,206,2.122864078,2.915369374,18.62197393,2036.123014,9.145800036,638.7517854,11664,10860,22524,7066,30,1863,426,320,1128,1.3,1064,2.9,686,1662,1207,810,1391,769,827,1092
196,2143,Western Suburbs,Regents Park,254.12,139,1.828201439,6.022530329,32.69703492,1755.054515,18.63021043,542.911918,3698,3763,7461,2308,35,1788,410,300,1139,1.3,1037,3,233,472,420,213,462,231,282,349
197,2144,Western Suburbs,Auburn,543.61,285,1.907403509,3.04975923,34.50237885,4009.781727,8.604552865,1131.314843,17259,15863,33122,9345,29,1800,352,320,957,1.4,968,3.3,712,1698,1830,1036,1407,1092,1206,1792
198,2145,Western Suburbs,Wentworthville,2300.89,1164,1.976709622,4.844953174,43.8985205,2689.387797,16.32286744,906.0669716,35227,36084,71311,24025,34,2167,573,350,1520,1.2,1380,2.8,3114,8013,4167,2606,6135,2766,2407,2586
199,2146,Western Suburbs,Toongabbie,635.09,324,1.960154321,6.16673011,55.27906544,2676.257471,20.65536147,896.408055,7769,7917,15686,5254,35,2015,613,330,1594,1.1,1433,2.9,680,1675,1089,650,1481,671,581,666
200,2147,Western Suburbs,Seven Hills,1889.61,963,1.962211838,7.958677686,59.88023952,2180.871901,27.45701822,752.3893024,17385,17688,35073,12100,36,2043,581,275,1584,1.1,1376,2.8,1693,3309,2375,1473,3120,1476,1370,1414
201,2148,Western Suburbs,Blacktown,2267.32,1149,1.97329852,5.893516619,39.6421511,2024.199308,19.58411454,672.6400155,29190,29480,58670,19496,33,1950,532,320,1343,1.2,1222,2.9,2058,4148,3806,2396,4788,2424,2916,2948
